Name,Constituency,Party,wikidata_id,ons_id
Stephen KINNOCK,Aberafan Maesteg,Lab,http://www.wikidata.org/entity/Q3377178,W07000081
Kirsty BLACKMAN,Aberdeen North,SNP,http://www.wikidata.org/entity/Q19868554,S14000060
Stephen FLYNN,Aberdeen South,SNP,http://www.wikidata.org/entity/Q75818973,S14000061
Seamus LOGAN,Aberdeenshire North and Moray East,SNP,http://www.wikidata.org/entity/Q126847599,S14000062
Kenneth STEVENSON,Airdrie and Shotts,Lab,http://www.wikidata.org/entity/Q126847614,S14000063
Alex BAKER,Aldershot,Lab,http://www.wikidata.org/entity/Q126847617,E14001063
Wendy MORTON,Aldridge-Brownhills,Con,http://www.wikidata.org/entity/Q19917814,E14001064
Brian LEISHMAN,Alloa and Grangemouth,Lab,http://www.wikidata.org/entity/Q126847633,S14000064
Connor RAND,Altrincham and Sale West,Lab,http://www.wikidata.org/entity/Q126847642,E14001065
Mark TAMI,Alyn and Deeside,Lab,http://www.wikidata.org/entity/Q272569,W07000082
Linsey FARNSWORTH,Amber Valley,Lab,http://www.wikidata.org/entity/Q126847652,E14001066
Dave DOOGAN,Angus and Perthshire Glens,SNP,http://www.wikidata.org/entity/Q75818967,S14000065
Stephen GETHINS,Arbroath and Broughty Ferry,SNP,http://www.wikidata.org/entity/Q19882482,S14000066
Brendan O'HARA,"Argyll, Bute and South Lochaber",SNP,http://www.wikidata.org/entity/Q19878984,S14000067
Andrew GRIFFITH,Arundel and South Downs,Con,http://www.wikidata.org/entity/Q60040580,E14001067
Lee ANDERSON,Ashfield,RUK,http://www.wikidata.org/entity/Q76736589,E14001068
Sojan JOSEPH,Ashford,Lab,http://www.wikidata.org/entity/Q126847692,E14001069
Angela RAYNER,Ashton-under-Lyne,Lab,http://www.wikidata.org/entity/Q18164278,E14001070
Laura KYRKE-SMITH,Aylesbury,Lab,http://www.wikidata.org/entity/Q75915640,E14001071
Elaine STEWART,"Ayr, Carrick and Cumnock",Lab,http://www.wikidata.org/entity/Q126847713,S14000107
Sean WOODCOCK,Banbury,Lab,http://www.wikidata.org/entity/Q98968363,E14001072
Claire HUGHES,Bangor Aberconwy,Lab,http://www.wikidata.org/entity/Q126847730,W07000083
Nesil CALISKAN,Barking,Lab,http://www.wikidata.org/entity/Q56709356,E14001073
Dan JARVIS,Barnsley North,Lab,http://www.wikidata.org/entity/Q727587,E14001074
Stephanie PEACOCK,Barnsley South,Lab,http://www.wikidata.org/entity/Q30164451,E14001075
Michelle SCROGHAM,Barrow and Furness,Lab,http://www.wikidata.org/entity/Q126847768,E14001076
Richard HOLDEN,Basildon and Billericay,Con,http://www.wikidata.org/entity/Q76729336,E14001077
Luke MURPHY,Basingstoke,Lab,http://www.wikidata.org/entity/Q126847785,E14001078
Jo WHITE,Bassetlaw,Lab,http://www.wikidata.org/entity/Q113459041,E14001079
Wera HOBHOUSE,Bath,LD,http://www.wikidata.org/entity/Q30164280,E14001080
Kirsteen SULLIVAN,Bathgate and Linlithgow,Lab,http://www.wikidata.org/entity/Q107279667,S14000068
Marsha DE CORDOVA,Battersea,Lab,http://www.wikidata.org/entity/Q30163501,E14001081
Joy MORRISSEY,Beaconsfield,Con,http://www.wikidata.org/entity/Q63929106,E14001082
Liam CONLON,Beckenham and Penge,Lab,http://www.wikidata.org/entity/Q126847838,E14001083
Mohammad YASIN,Bedford,Lab,http://www.wikidata.org/entity/Q30234247,E14001084
Gavin ROBINSON,Belfast East,DUP,http://www.wikidata.org/entity/Q5528262,N05000001
John FINUCANE,Belfast North,SF,http://www.wikidata.org/entity/Q55615175,N05000002
Claire HANNA,Belfast South and Mid Down,SDLP,http://www.wikidata.org/entity/Q20631177,N05000003
Paul MASKEY,Belfast West,SF,http://www.wikidata.org/entity/Q694929,N05000004
Neil COYLE,Bermondsey and Old Southwark,Lab,http://www.wikidata.org/entity/Q19957144,E14001085
John LAMONT,"Berwickshire, Roxburgh and Selkirk",Con,http://www.wikidata.org/entity/Q1700778,S14000108
Rushanara ALI,Bethnal Green and Stepney,Lab,http://www.wikidata.org/entity/Q259423,E14001086
Graham STUART,Beverley and Holderness,Con,http://www.wikidata.org/entity/Q328641,E14001087
Kieran MULLAN,Bexhill and Battle,Con,http://www.wikidata.org/entity/Q76364848,E14001088
Daniel FRANCIS,Bexleyheath and Crayford,Lab,http://www.wikidata.org/entity/Q109501223,E14001089
Calum MILLER,Bicester and Woodstock,LD,http://www.wikidata.org/entity/Q126847936,E14001090
Alison MCGOVERN,Birkenhead,Lab,http://www.wikidata.org/entity/Q694639,E14001091
Preet GILL,Birmingham Edgbaston,Lab,http://www.wikidata.org/entity/Q30173119,E14001092
Paulette HAMILTON,Birmingham Erdington,Lab,http://www.wikidata.org/entity/Q110863310,E14001093
Tahir ALI,Birmingham Hall Green and Moseley,Lab,http://www.wikidata.org/entity/Q76450672,E14001094
Liam BYRNE,Birmingham Hodge Hill and Solihull North,Lab,http://www.wikidata.org/entity/Q269697,E14001095
Shabana MAHMOOD,Birmingham Ladywood,Lab,http://www.wikidata.org/entity/Q695007,E14001096
Laurence TURNER,Birmingham Northfield,Lab,http://www.wikidata.org/entity/Q126848000,E14001097
Ayoub KHAN,Birmingham Perry Barr,Ind,http://www.wikidata.org/entity/Q126937357,E14001098
Al CARNS,Birmingham Selly Oak,Lab,http://www.wikidata.org/entity/Q126848013,E14001099
Jess PHILLIPS,Birmingham Yardley,Lab,http://www.wikidata.org/entity/Q19979409,E14001100
Sam RUSHWORTH,Bishop Auckland,Lab,http://www.wikidata.org/entity/Q98968365,E14001101
Adnan HUSSAIN,Blackburn,Ind,http://www.wikidata.org/entity/Q126848030,E14001102
Graham STRINGER,Blackley and Middleton South,Lab,http://www.wikidata.org/entity/Q328737,E14001103
Lorraine BEAVERS,Blackpool North and Fleetwood,Lab,http://www.wikidata.org/entity/Q126848044,E14001104
Chris WEBB,Blackpool South,Lab,http://www.wikidata.org/entity/Q76736932,E14001105
Nick SMITH,Blaenau Gwent and Rhymney,Lab,http://www.wikidata.org/entity/Q390760,W07000084
Liz TWIST,Blaydon and Consett,Lab,http://www.wikidata.org/entity/Q30165748,E14001106
Ian LAVERY,Blyth and Ashington,Lab,http://www.wikidata.org/entity/Q750129,E14001107
Alison GRIFFITHS,Bognor Regis and Littlehampton,Con,http://www.wikidata.org/entity/Q126848074,E14001108
Natalie FLEET,Bolsover,Lab,http://www.wikidata.org/entity/Q76363902,E14001109
Kirith ENTWISTLE,Bolton North East,Lab,http://www.wikidata.org/entity/Q126848080,E14001110
Yasmin QURESHI,Bolton South and Walkden,Lab,http://www.wikidata.org/entity/Q267930,E14001111
Phil BRICKELL,Bolton West,Lab,http://www.wikidata.org/entity/Q118523561,E14001112
Peter DOWD,Bootle,Lab,http://www.wikidata.org/entity/Q19957586,E14001113
Richard TICE,Boston and Skegness,RUK,http://www.wikidata.org/entity/Q23769958,E14001114
Tom HAYES,Bournemouth East,Lab,http://www.wikidata.org/entity/Q126848109,E14001115
Jessica TOALE,Bournemouth West,Lab,http://www.wikidata.org/entity/Q126848116,E14001116
Peter SWALLOW,Bracknell,Lab,http://www.wikidata.org/entity/Q126848127,E14001117
Imran HUSSAIN,Bradford East,Lab,http://www.wikidata.org/entity/Q19958134,E14001118
Judith CUMMINS,Bradford South,Lab,http://www.wikidata.org/entity/Q19957188,E14001119
Naz SHAH,Bradford West,Lab,http://www.wikidata.org/entity/Q19882845,E14001120
James CLEVERLY,Braintree,Con,http://www.wikidata.org/entity/Q6131460,E14001121
David CHADWICK,"Brecon, Radnor and Cwm Tawe",LD,http://www.wikidata.org/entity/Q75839194,W07000085
Dawn BUTLER,Brent East,Lab,http://www.wikidata.org/entity/Q5242429,E14001122
Barry GARDINER,Brent West,Lab,http://www.wikidata.org/entity/Q391169,E14001123
Ruth CADBURY,Brentford and Isleworth,Lab,http://www.wikidata.org/entity/Q19871785,E14001124
Alex BURGHART,Brentwood and Ongar,Con,http://www.wikidata.org/entity/Q30234239,E14001125
Chris ELMORE,Bridgend,Lab,http://www.wikidata.org/entity/Q24053857,W07000086
Ashley FOX,Bridgwater,Con,http://www.wikidata.org/entity/Q457673,E14001126
Charlie DEWHIRST,Bridlington and The Wolds,Con,http://www.wikidata.org/entity/Q98968359,E14001127
Martin VICKERS,Brigg and Immingham,Con,http://www.wikidata.org/entity/Q266905,E14001128
Chris WARD,Brighton Kemptown and Peacehaven,Lab,http://www.wikidata.org/entity/Q126848259,E14001129
Siân BERRY,Brighton Pavilion,Green,http://www.wikidata.org/entity/Q7533470,E14001130
Carla DENYER,Bristol Central,Green,http://www.wikidata.org/entity/Q63929119,E14001131
Kerry MCCARTHY,Bristol East,Lab,http://www.wikidata.org/entity/Q581095,E14001132
Damien EGAN,Bristol North East,Lab,http://www.wikidata.org/entity/Q52621189,E14001133
Darren JONES,Bristol North West,Lab,http://www.wikidata.org/entity/Q30174665,E14001134
Karin SMYTH,Bristol South,Lab,http://www.wikidata.org/entity/Q17057181,E14001135
Jerome MAYHEW,Broadland and Fakenham,Con,http://www.wikidata.org/entity/Q76237363,E14001136
Peter FORTUNE,Bromley and Biggin Hill,Con,http://www.wikidata.org/entity/Q76450647,E14001137
Bradley THOMAS,Bromsgrove,Con,http://www.wikidata.org/entity/Q126848327,E14001138
Lewis COCKING,Broxbourne,Con,http://www.wikidata.org/entity/Q126848333,E14001139
Juliet CAMPBELL,Broxtowe,Lab,http://www.wikidata.org/entity/Q126848344,E14001140
Callum ANDERSON,Buckingham and Bletchley,Lab,http://www.wikidata.org/entity/Q75720115,E14001141
Oliver RYAN,Burnley,Lab,http://www.wikidata.org/entity/Q96483398,E14001142
Jacob COLLIER,Burton and Uttoxeter,Lab,http://www.wikidata.org/entity/Q126848372,E14001143
James FRITH,Bury North,Lab,http://www.wikidata.org/entity/Q30163560,E14001144
Christian WAKEFORD,Bury South,Lab,http://www.wikidata.org/entity/Q76363097,E14001145
Peter PRINSLEY,Bury St Edmunds and Stowmarket,Lab,http://www.wikidata.org/entity/Q87871134,E14001146
Ann DAVIES,Caerfyrddin,PC,http://www.wikidata.org/entity/Q124433180,W07000087
Chris EVANS,Caerphilly,Lab,http://www.wikidata.org/entity/Q303577,W07000088
Jamie STONE,"Caithness, Sutherland and Easter Ross",LD,http://www.wikidata.org/entity/Q1681420,S14000069
Josh FENTON-GLYNN,Calder Valley,Lab,http://www.wikidata.org/entity/Q76364862,E14001147
Perran MOON,Camborne and Redruth,Lab,http://www.wikidata.org/entity/Q126848446,E14001148
Daniel ZEICHNER,Cambridge,Lab,http://www.wikidata.org/entity/Q20128211,E14001149
Josh NEWBURY,Cannock Chase,Lab,http://www.wikidata.org/entity/Q126848460,E14001150
Rosie DUFFIELD,Canterbury,Lab,http://www.wikidata.org/entity/Q30164380,E14001151
Jo STEVENS,Cardiff East,Lab,http://www.wikidata.org/entity/Q20128115,W07000089
Anna MCMORRIN,Cardiff North,Lab,http://www.wikidata.org/entity/Q30164279,W07000090
Stephen DOUGHTY,Cardiff South and Penarth,Lab,http://www.wikidata.org/entity/Q7609085,W07000091
Alex BARROS-CURTIS,Cardiff West,Lab,http://www.wikidata.org/entity/Q126848493,W07000092
Julie MINNS,Carlisle,Lab,http://www.wikidata.org/entity/Q126848511,E14001152
Bobby DEAN,Carshalton and Wallington,LD,http://www.wikidata.org/entity/Q75838965,E14001153
Rebecca HARRIS,Castle Point,Con,http://www.wikidata.org/entity/Q478305,E14001154
Alan GEMMELL,Central Ayrshire,Lab,http://www.wikidata.org/entity/Q24703078,S14000109
Mel STRIDE,Central Devon,Con,http://www.wikidata.org/entity/Q328769,E14001155
Patrick SPENCER,Central Suffolk and North Ipswich,Con,http://www.wikidata.org/entity/Q126848554,E14001156
Ben LAKE,Ceredigion Preseli,PC,http://www.wikidata.org/entity/Q30172752,W07000093
Tristan OSBORNE,Chatham and Aylesford,Lab,http://www.wikidata.org/entity/Q126848569,E14001157
Tom MORRISON,Cheadle,LD,http://www.wikidata.org/entity/Q75838983,E14001158
Marie GOLDMAN,Chelmsford,LD,http://www.wikidata.org/entity/Q63929156,E14001159
Ben COLEMAN,Chelsea and Fulham,Lab,http://www.wikidata.org/entity/Q126848593,E14001160
Max WILKINSON,Cheltenham,LD,http://www.wikidata.org/entity/Q76738127,E14001161
Sarah GREEN,Chesham and Amersham,LD,http://www.wikidata.org/entity/Q107284337,E14001162
Samantha DIXON,Chester North and Neston,Lab,http://www.wikidata.org/entity/Q115550143,E14001163
Aphra BRANDRETH,Chester South and Eddisbury,Con,http://www.wikidata.org/entity/Q76364885,E14001164
Toby PERKINS,Chesterfield,Lab,http://www.wikidata.org/entity/Q575462,E14001165
Jess BROWN-FULLER,Chichester,LD,http://www.wikidata.org/entity/Q126848638,E14001166
Iain DUNCAN SMITH,Chingford and Woodford Green,Con,http://www.wikidata.org/entity/Q302486,E14001167
Sarah GIBSON,Chippenham,LD,http://www.wikidata.org/entity/Q126848659,E14001168
Dan TOMLINSON,Chipping Barnet,Lab,http://www.wikidata.org/entity/Q126848675,E14001169
Lindsay HOYLE,Chorley,Spk,http://www.wikidata.org/entity/Q689660,E14001170
Christopher CHOPE,Christchurch,Con,http://www.wikidata.org/entity/Q271715,E14001171
Rachel BLAKE,Cities of London and Westminster,Lab,http://www.wikidata.org/entity/Q126848695,E14001172
Mary FOY,City of Durham,Lab,http://www.wikidata.org/entity/Q76363590,E14001173
Nigel FARAGE,Clacton,RUK,http://www.wikidata.org/entity/Q318471,E14001174
Bell RIBEIRO-ADDY,Clapham and Brixton Hill,Lab,http://www.wikidata.org/entity/Q76364048,E14001175
Becky GITTINS,Clwyd East,Lab,http://www.wikidata.org/entity/Q126848741,W07000094
Gill GERMAN,Clwyd North,Lab,http://www.wikidata.org/entity/Q126848747,W07000095
Frank MCNALLY,Coatbridge and Bellshill,Lab,http://www.wikidata.org/entity/Q107281508,S14000070
Pam COX,Colchester,Lab,http://www.wikidata.org/entity/Q124817394,E14001176
Paul DAVIES,Colne Valley,Lab,http://www.wikidata.org/entity/Q126848767,E14001177
Sarah RUSSELL,Congleton,Lab,http://www.wikidata.org/entity/Q56748081,E14001178
Lee BARRON,Corby and East Northamptonshire,Lab,http://www.wikidata.org/entity/Q126848775,E14001179
Mary CREAGH,Coventry East,Lab,http://www.wikidata.org/entity/Q291470,E14001180
Taiwo OWATEMI,Coventry North West,Lab,http://www.wikidata.org/entity/Q76364051,E14001181
Zarah SULTANA,Coventry South,Lab,http://www.wikidata.org/entity/Q63929279,E14001182
Melanie WARD,Cowdenbeath and Kirkcaldy,Lab,http://www.wikidata.org/entity/Q125028729,S14000071
Emma FOODY,Cramlington and Killingworth,Lab,http://www.wikidata.org/entity/Q126848820,E14001183
Peter LAMB,Crawley,Lab,http://www.wikidata.org/entity/Q75712690,E14001184
Connor NAISMITH,Crewe and Nantwich,Lab,http://www.wikidata.org/entity/Q126848844,E14001185
Natasha IRONS,Croydon East,Lab,http://www.wikidata.org/entity/Q126848852,E14001186
Chris PHILP,Croydon South,Con,http://www.wikidata.org/entity/Q16972528,E14001187
Sarah JONES,Croydon West,Lab,http://www.wikidata.org/entity/Q30179052,E14001188
Katrina MURRAY,Cumbernauld and Kirkintilloch,Lab,http://www.wikidata.org/entity/Q126848882,S14000072
Margaret MULLANE,Dagenham and Rainham,Lab,http://www.wikidata.org/entity/Q126848892,E14001189
Lola MCEVOY,Darlington,Lab,http://www.wikidata.org/entity/Q98968875,E14001190
Jim DICKSON,Dartford,Lab,http://www.wikidata.org/entity/Q6194634,E14001191
Stuart ANDREW,Daventry,Con,http://www.wikidata.org/entity/Q259707,E14001192
Catherine ATKINSON,Derby North,Lab,http://www.wikidata.org/entity/Q76364866,E14001193
Baggy SHANKER,Derby South,Lab,http://www.wikidata.org/entity/Q126848918,E14001194
John WHITBY,Derbyshire Dales,Lab,http://www.wikidata.org/entity/Q126848914,E14001195
Iqbal MOHAMED,Dewsbury and Batley,Ind,http://www.wikidata.org/entity/Q126848926,E14001196
Olly GLOVER,Didcot and Wantage,LD,http://www.wikidata.org/entity/Q75839075,E14001197
Sally JAMESON,Doncaster Central,Lab,http://www.wikidata.org/entity/Q126938124,E14001198
Lee PITCHER,Doncaster East and the Isle of Axholme,Lab,http://www.wikidata.org/entity/Q126848954,E14001199
Ed MILIBAND,Doncaster North,Lab,http://www.wikidata.org/entity/Q216594,E14001200
Chris COGHLAN,Dorking and Horley,LD,http://www.wikidata.org/entity/Q76738125,E14001201
Mike TAPP,Dover and Deal,Lab,http://www.wikidata.org/entity/Q126848985,E14001202
Nigel HUDDLESTON,Droitwich and Evesham,Con,http://www.wikidata.org/entity/Q16211496,E14001203
Sonia KUMAR,Dudley,Lab,http://www.wikidata.org/entity/Q126849005,E14001204
Helen HAYES,Dulwich and West Norwood,Lab,http://www.wikidata.org/entity/Q19874017,E14001205
John COOPER,Dumfries and Galloway,Con,http://www.wikidata.org/entity/Q124096690,S14000073
David MUNDELL,"Dumfriesshire, Clydesdale and Tweeddale",Con,http://www.wikidata.org/entity/Q333520,S14000074
Chris LAW,Dundee Central,SNP,http://www.wikidata.org/entity/Q19875413,S14000075
Graeme DOWNIE,Dunfermline and Dollar,Lab,http://www.wikidata.org/entity/Q107281509,S14000076
Alex MAYER,Dunstable and Leighton Buzzard,Lab,http://www.wikidata.org/entity/Q27680041,E14001206
Liz SAVILLE ROBERTS,Dwyfor Meirionnydd,PC,http://www.wikidata.org/entity/Q19868633,W07000096
Rupa HUQ,Ealing Central and Acton,Lab,http://www.wikidata.org/entity/Q7380182,E14001207
James MURRAY,Ealing North,Lab,http://www.wikidata.org/entity/Q75292880,E14001208
Deirdre COSTIGAN,Ealing Southall,Lab,http://www.wikidata.org/entity/Q126849187,E14001209
Yuan YANG,Earley and Woodley,Lab,http://www.wikidata.org/entity/Q119840433,E14001210
Grahame MORRIS,Easington,Lab,http://www.wikidata.org/entity/Q580215,E14001211
Sammy WILSON,East Antrim,DUP,http://www.wikidata.org/entity/Q262040,N05000005
Mims DAVIES,East Grinstead and Uckfield,Con,http://www.wikidata.org/entity/Q19957306,E14001212
Stephen TIMMS,East Ham,Lab,http://www.wikidata.org/entity/Q272346,E14001213
Damian HINDS,East Hampshire,Con,http://www.wikidata.org/entity/Q676947,E14001214
Joani REID,East Kilbride and Strathaven,Lab,http://www.wikidata.org/entity/Q126849251,S14000077
Gregory CAMPBELL,East Londonderry,DUP,http://www.wikidata.org/entity/Q268465,N05000006
Blair MCDOUGALL,East Renfrewshire,Lab,http://www.wikidata.org/entity/Q22279132,S14000021
Claire COUTINHO,East Surrey,Con,http://www.wikidata.org/entity/Q76364263,E14001215
Polly BILLINGTON,East Thanet,Lab,http://www.wikidata.org/entity/Q7225777,E14001216
Danny KRUGER,East Wiltshire,Con,http://www.wikidata.org/entity/Q16515053,E14001217
Tom RUTLAND,East Worthing and Shoreham,Lab,http://www.wikidata.org/entity/Q126849322,E14001218
Josh BABARINDE,Eastbourne,LD,http://www.wikidata.org/entity/Q75839154,E14001219
Liz JARVIS,Eastleigh,LD,http://www.wikidata.org/entity/Q75839209,E14001220
Chris MURRAY,Edinburgh East and Musselburgh,Lab,http://www.wikidata.org/entity/Q126849334,S14000078
Tracy GILBERT,Edinburgh North and Leith,Lab,http://www.wikidata.org/entity/Q126849339,S14000079
Ian MURRAY,Edinburgh South,Lab,http://www.wikidata.org/entity/Q578432,S14000080
Scott ARTHUR,Edinburgh South West,Lab,http://www.wikidata.org/entity/Q126849368,S14000081
Christine JARDINE,Edinburgh West,LD,http://www.wikidata.org/entity/Q30164696,S14000082
Kate OSAMOR,Edmonton and Winchmore Hill,Lab,http://www.wikidata.org/entity/Q20022488,E14001221
Justin MADDERS,Ellesmere Port and Bromborough,Lab,http://www.wikidata.org/entity/Q20647673,E14001222
Clive EFFORD,Eltham and Chislehurst,Lab,http://www.wikidata.org/entity/Q302939,E14001223
Charlotte CANE,Ely and East Cambridgeshire,LD,http://www.wikidata.org/entity/Q75839230,E14001224
Feryal CLARK,Enfield North,Lab,http://www.wikidata.org/entity/Q75621766,E14001225
Neil HUDSON,Epping Forest,Con,http://www.wikidata.org/entity/Q76364169,E14001226
Helen MAGUIRE,Epsom and Ewell,LD,http://www.wikidata.org/entity/Q126849441,E14001227
Adam THOMPSON,Erewash,Lab,http://www.wikidata.org/entity/Q75712717,E14001228
Abena OPPONG-ASARE,Erith and Thamesmead,Lab,http://www.wikidata.org/entity/Q76364044,E14001229
Monica HARDING,Esher and Walton,LD,http://www.wikidata.org/entity/Q75839178,E14001230
Steve RACE,Exeter,Lab,http://www.wikidata.org/entity/Q126849473,E14001231
David REED,Exmouth and Exeter East,Con,http://www.wikidata.org/entity/Q126849487,E14001232
Euan STAINBANK,Falkirk,Lab,http://www.wikidata.org/entity/Q126849501,S14000083
Suella BRAVERMAN,Fareham and Waterlooville,Con,http://www.wikidata.org/entity/Q19957769,E14001233
Greg STAFFORD,Farnham and Bordon,Con,http://www.wikidata.org/entity/Q80909709,E14001234
Helen WHATELY,Faversham and Mid Kent,Con,http://www.wikidata.org/entity/Q20747098,E14001235
Seema MALHOTRA,Feltham and Heston,Lab,http://www.wikidata.org/entity/Q694984,E14001236
Pat CULLEN,Fermanagh and South Tyrone,SF,http://www.wikidata.org/entity/Q115896468,N05000007
Claire HAZELGROVE,Filton and Bradley Stoke,Lab,http://www.wikidata.org/entity/Q126849558,E14001237
Sarah SACKMAN,Finchley and Golders Green,Lab,http://www.wikidata.org/entity/Q115628686,E14001238
Tony VAUGHAN,Folkestone and Hythe,Lab,http://www.wikidata.org/entity/Q126849577,E14001239
Matt BISHOP,Forest of Dean,Lab,http://www.wikidata.org/entity/Q126849581,E14001240
Colum EASTWOOD,Foyle,SDLP,http://www.wikidata.org/entity/Q5149523,N05000008
Anna SABINE,Frome and East Somerset,LD,http://www.wikidata.org/entity/Q126849597,E14001241
Andrew SNOWDEN,Fylde,Con,http://www.wikidata.org/entity/Q106797847,E14001242
Edward LEIGH,Gainsborough,Con,http://www.wikidata.org/entity/Q749980,E14001243
Mark FERGUSON,Gateshead Central and Whickham,Lab,http://www.wikidata.org/entity/Q126849622,E14001244
Michael PAYNE,Gedling,Lab,http://www.wikidata.org/entity/Q126849638,E14001245
Naushabah KHAN,Gillingham and Rainham,Lab,http://www.wikidata.org/entity/Q112578460,E14001246
John GRADY,Glasgow East,Lab,http://www.wikidata.org/entity/Q126849650,S14000084
Martin RHODES,Glasgow North,Lab,http://www.wikidata.org/entity/Q126849670,S14000085
Maureen BURKE,Glasgow North East,Lab,http://www.wikidata.org/entity/Q126849672,S14000086
Gordon MCKEE,Glasgow South,Lab,http://www.wikidata.org/entity/Q126849690,S14000087
Zubir AHMED,Glasgow South West,Lab,http://www.wikidata.org/entity/Q107281550,S14000088
Patricia FERGUSON,Glasgow West,Lab,http://www.wikidata.org/entity/Q2057182,S14000089
Sarah DYKE,Glastonbury and Somerton,LD,http://www.wikidata.org/entity/Q120769692,E14001247
Richard BAKER,Glenrothes and Mid Fife,Lab,http://www.wikidata.org/entity/Q2149018,S14000090
Alex MCINTYRE,Gloucester,Lab,http://www.wikidata.org/entity/Q126849726,E14001248
Jeremy HUNT,Godalming and Ash,Con,http://www.wikidata.org/entity/Q333533,E14001249
David DAVIS,Goole and Pocklington,Con,http://www.wikidata.org/entity/Q300023,E14001250
Harriet CROSS,Gordon and Buchan,Con,http://www.wikidata.org/entity/Q107279632,S14000091
Andrew GWYNNE,Gorton and Denton,Lab,http://www.wikidata.org/entity/Q392216,E14001251
Caroline DINENAGE,Gosport,Con,http://www.wikidata.org/entity/Q300107,E14001252
Tonia ANTONIAZZI,Gower,Lab,http://www.wikidata.org/entity/Q30165536,W07000097
Gareth DAVIES,Grantham and Bourne,Con,http://www.wikidata.org/entity/Q76736582,E14001253
Lauren SULLIVAN,Gravesham,Lab,http://www.wikidata.org/entity/Q76363243,E14001254
Melanie ONN,Great Grimsby and Cleethorpes,Lab,http://www.wikidata.org/entity/Q20054075,E14001255
Rupert LOWE,Great Yarmouth,RUK,http://www.wikidata.org/entity/Q7380323,E14001256
Matthew PENNYCOOK,Greenwich and Woolwich,Lab,http://www.wikidata.org/entity/Q20203414,E14001257
Zöe FRANKLIN,Guildford,LD,http://www.wikidata.org/entity/Q75838957,E14001258
Diane ABBOTT,Hackney North and Stoke Newington,Lab,http://www.wikidata.org/entity/Q153454,E14001259
Meg HILLIER,Hackney South and Shoreditch,Lab,http://www.wikidata.org/entity/Q676658,E14001260
Alex BALLINGER,Halesowen,Lab,http://www.wikidata.org/entity/Q126849837,E14001261
Kate DEARDEN,Halifax,Lab,http://www.wikidata.org/entity/Q126849844,E14001262
Paul HOLMES,Hamble Valley,Con,http://www.wikidata.org/entity/Q76450648,E14001263
Imogen WALKER,Hamilton and Clyde Valley,Lab,http://www.wikidata.org/entity/Q126849872,S14000092
Andy SLAUGHTER,Hammersmith and Chiswick,Lab,http://www.wikidata.org/entity/Q391341,E14001264
Tulip SIDDIQ,Hampstead and Highgate,Lab,http://www.wikidata.org/entity/Q7852071,E14001265
Neil O'BRIEN,"Harborough, Oadby and Wigston",Con,http://www.wikidata.org/entity/Q6989101,E14001266
Chris VINCE,Harlow,Lab,http://www.wikidata.org/entity/Q63929037,E14001267
Victoria COLLINS,Harpenden and Berkhamsted,LD,http://www.wikidata.org/entity/Q76738170,E14001268
Tom GORDON,Harrogate and Knaresborough,LD,http://www.wikidata.org/entity/Q75839031,E14001269
Bob BLACKMAN,Harrow East,Con,http://www.wikidata.org/entity/Q263875,E14001270
Gareth THOMAS,Harrow West,Lab,http://www.wikidata.org/entity/Q272452,E14001271
Jonathan BRASH,Hartlepool,Lab,http://www.wikidata.org/entity/Q126849949,E14001272
Bernard JENKIN,Harwich and North Essex,Con,http://www.wikidata.org/entity/Q727852,E14001273
Helena DOLLIMORE,Hastings and Rye,Lab,http://www.wikidata.org/entity/Q126849974,E14001274
Alan MAK,Havant,Con,http://www.wikidata.org/entity/Q19868483,E14001275
John MCDONNELL,Hayes and Harlington,Lab,http://www.wikidata.org/entity/Q694695,E14001276
Lisa SMART,Hazel Grove,LD,http://www.wikidata.org/entity/Q75838698,E14001277
David TAYLOR,Hemel Hempstead,Lab,http://www.wikidata.org/entity/Q126937373,E14001278
David PINTO-DUSCHINSKY,Hendon,Lab,http://www.wikidata.org/entity/Q75720060,E14001279
Freddie VAN MIERLO,Henley and Thame,LD,http://www.wikidata.org/entity/Q63929080,E14001280
Jesse NORMAN,Hereford and South Herefordshire,Con,http://www.wikidata.org/entity/Q577024,E14001281
Roger GALE,Herne Bay and Sandwich,Con,http://www.wikidata.org/entity/Q391094,E14001282
Joshua Robert Abraham DEAN,Hertford and Stortford,Lab,http://www.wikidata.org/entity/Q126850034,E14001283
Oliver DOWDEN,Hertsmere,Con,http://www.wikidata.org/entity/Q19957590,E14001284
Joe MORRIS,Hexham,Lab,http://www.wikidata.org/entity/Q126850046,E14001285
Elsie BLUNDELL,Heywood and Middleton North,Lab,http://www.wikidata.org/entity/Q125798767,E14001286
Jon PEARCE,High Peak,Lab,http://www.wikidata.org/entity/Q126850060,E14001287
Luke EVANS,Hinckley and Bosworth,Con,http://www.wikidata.org/entity/Q76450645,E14001288
Alistair STRATHERN,Hitchin,Lab,http://www.wikidata.org/entity/Q122848847,E14001289
Keir STARMER,Holborn and St Pancras,Lab,http://www.wikidata.org/entity/Q6383803,E14001290
Richard FOORD,Honiton and Sidmouth,LD,http://www.wikidata.org/entity/Q98626667,E14001291
Julia LOPEZ,Hornchurch and Upminster,Con,http://www.wikidata.org/entity/Q30174734,E14001292
Catherine WEST,Hornsey and Friern Barnet,Lab,http://www.wikidata.org/entity/Q19871931,E14001293
John MILNE,Horsham,LD,http://www.wikidata.org/entity/Q126850111,E14001294
Bridget PHILLIPSON,Houghton and Sunderland South,Lab,http://www.wikidata.org/entity/Q575337,E14001295
Peter KYLE,Hove and Portslade,Lab,http://www.wikidata.org/entity/Q20113749,E14001296
Harpreet UPPAL,Huddersfield,Lab,http://www.wikidata.org/entity/Q126850130,E14001297
Ben OBESE-JECTY,Huntingdon,Con,http://www.wikidata.org/entity/Q76364402,E14001298
Sarah SMITH,Hyndburn,Lab,http://www.wikidata.org/entity/Q126938139,E14001299
Wes STREETING,Ilford North,Lab,http://www.wikidata.org/entity/Q7983764,E14001300
Jas ATHWAL,Ilford South,Lab,http://www.wikidata.org/entity/Q24053503,E14001301
Martin MCCLUSKEY,Inverclyde and Renfrewshire West,Lab,http://www.wikidata.org/entity/Q76363052,S14000093
Angus MACDONALD,"Inverness, Skye and West Ross-shire",LD,http://www.wikidata.org/entity/Q126850161,S14000094
Jack ABBOTT,Ipswich,Lab,http://www.wikidata.org/entity/Q126850172,E14001302
Joe ROBERTSON,Isle of Wight East,Con,http://www.wikidata.org/entity/Q76364337,E14001303
Richard QUIGLEY,Isle of Wight West,Lab,http://www.wikidata.org/entity/Q76364144,E14001304
Jeremy CORBYN,Islington North,Ind,http://www.wikidata.org/entity/Q291169,E14001305
Emily THORNBERRY,Islington South and Finsbury,Lab,http://www.wikidata.org/entity/Q272408,E14001306
Kate OSBORNE,Jarrow and Gateshead East,Lab,http://www.wikidata.org/entity/Q76450728,E14001307
Robbie MOORE,Keighley and Ilkley,Con,http://www.wikidata.org/entity/Q76363206,E14001308
Jeremy WRIGHT,Kenilworth and Southam,Con,http://www.wikidata.org/entity/Q260489,E14001309
Joe POWELL,Kensington and Bayswater,Lab,http://www.wikidata.org/entity/Q126850250,E14001310
Rosie WRIGHTING,Kettering,Lab,http://www.wikidata.org/entity/Q126850264,E14001311
Lillian JONES,Kilmarnock and Loudoun,Lab,http://www.wikidata.org/entity/Q126850268,S14000110
Ed DAVEY,Kingston and Surbiton,LD,http://www.wikidata.org/entity/Q296689,E14001312
Karl TURNER,Kingston upon Hull East,Lab,http://www.wikidata.org/entity/Q272123,E14001313
Diana JOHNSON,Kingston upon Hull North and Cottingham,Lab,http://www.wikidata.org/entity/Q727933,E14001314
Emma HARDY,Kingston upon Hull West and Haltemprice,Lab,http://www.wikidata.org/entity/Q30234242,E14001315
Mike WOOD,Kingswinford and South Staffordshire,Con,http://www.wikidata.org/entity/Q20648325,E14001316
Anneliese MIDGLEY,Knowsley,Lab,http://www.wikidata.org/entity/Q126850323,E14001317
Sorcha-Lucy EASTWOOD,Lagan Valley,APNI,http://www.wikidata.org/entity/Q76130673,N05000009
Cat SMITH,Lancaster and Wyre,Lab,http://www.wikidata.org/entity/Q19930597,E14001318
Alex SOBEL,Leeds Central and Headingley,Lab,http://www.wikidata.org/entity/Q30164792,E14001319
Richard BURGON,Leeds East,Lab,http://www.wikidata.org/entity/Q19871710,E14001320
Fabian HAMILTON,Leeds North East,Lab,http://www.wikidata.org/entity/Q337812,E14001321
Katie WHITE,Leeds North West,Lab,http://www.wikidata.org/entity/Q126850368,E14001322
Hilary BENN,Leeds South,Lab,http://www.wikidata.org/entity/Q262742,E14001323
Mark SEWARDS,Leeds South West and Morley,Lab,http://www.wikidata.org/entity/Q76363352,E14001324
Rachel REEVES,Leeds West and Pudsey,Lab,http://www.wikidata.org/entity/Q574896,E14001325
Shivani RAJA,Leicester East,Con,http://www.wikidata.org/entity/Q126850394,E14001326
Shockat ADAM,Leicester South,Ind,http://www.wikidata.org/entity/Q126850398,E14001327
Liz KENDALL,Leicester West,Lab,http://www.wikidata.org/entity/Q750260,E14001328
Jo PLATT,Leigh and Atherton,Lab,http://www.wikidata.org/entity/Q30163380,E14001329
James MACCLEARY,Lewes,LD,http://www.wikidata.org/entity/Q126850432,E14001330
Janet DABY,Lewisham East,Lab,http://www.wikidata.org/entity/Q55003337,E14001331
Vicky FOXCROFT,Lewisham North,Lab,http://www.wikidata.org/entity/Q19957802,E14001332
Ellie REEVES,Lewisham West and East Dulwich,Lab,http://www.wikidata.org/entity/Q30234240,E14001333
Calvin BAILEY,Leyton and Wanstead,Lab,http://www.wikidata.org/entity/Q126850472,E14001334
Dave ROBERTSON,Lichfield,Lab,http://www.wikidata.org/entity/Q76449013,E14001335
Hamish FALCONER,Lincoln,Lab,http://www.wikidata.org/entity/Q75967824,E14001336
Maria EAGLE,Liverpool Garston,Lab,http://www.wikidata.org/entity/Q302815,E14001337
Kim JOHNSON,Liverpool Riverside,Lab,http://www.wikidata.org/entity/Q76449002,E14001338
Dan CARDEN,Liverpool Walton,Lab,http://www.wikidata.org/entity/Q30226321,E14001339
Paula BARKER,Liverpool Wavertree,Lab,http://www.wikidata.org/entity/Q76363951,E14001340
Ian BYRNE,Liverpool West Derby,Lab,http://www.wikidata.org/entity/Q76365836,E14001341
Gregor POYNTON,Livingston,Lab,http://www.wikidata.org/entity/Q126850558,S14000095
Nia GRIFFITH,Llanelli,Lab,http://www.wikidata.org/entity/Q392101,W07000098
Douglas ALEXANDER,Lothian East,Lab,http://www.wikidata.org/entity/Q259106,S14000096
Jeevun SANDHER,Loughborough,Lab,http://www.wikidata.org/entity/Q126850575,E14001342
Victoria ATKINS,Louth and Horncastle,Con,http://www.wikidata.org/entity/Q19938362,E14001343
Jess ASATO,Lowestoft,Lab,http://www.wikidata.org/entity/Q19609626,E14001344
Sarah OWEN,Luton North,Lab,http://www.wikidata.org/entity/Q75621688,E14001345
Rachel HOPKINS,Luton South and South Bedfordshire,Lab,http://www.wikidata.org/entity/Q76448943,E14001346
Tim ROCA,Macclesfield,Lab,http://www.wikidata.org/entity/Q126850616,E14001347
Joshua REYNOLDS,Maidenhead,LD,http://www.wikidata.org/entity/Q75839102,E14001348
Helen GRANT,Maidstone and Malling,Con,http://www.wikidata.org/entity/Q391792,E14001349
Josh SIMONS,Makerfield,Lab,http://www.wikidata.org/entity/Q109924906,E14001350
John WHITTINGDALE,Maldon,Con,http://www.wikidata.org/entity/Q264684,E14001351
Lucy POWELL,Manchester Central,Lab,http://www.wikidata.org/entity/Q6698469,E14001352
Afzal KHAN,Manchester Rusholme,Lab,http://www.wikidata.org/entity/Q6712373,E14001353
Jeff SMITH,Manchester Withington,Lab,http://www.wikidata.org/entity/Q20648365,E14001354
Steve YEMM,Mansfield,Lab,http://www.wikidata.org/entity/Q126850760,E14001355
Brian MATHEW,Melksham and Devizes,LD,http://www.wikidata.org/entity/Q75838632,E14001356
Edward ARGAR,Melton and Syston,Con,http://www.wikidata.org/entity/Q19938322,E14001357
Saqib BHATTI,Meriden and Solihull East,Con,http://www.wikidata.org/entity/Q76449003,E14001358
Gerald JONES,Merthyr Tydfil and Aberdare,Lab,http://www.wikidata.org/entity/Q20647531,W07000099
Henry TUFNELL,Mid and South Pembrokeshire,Lab,http://www.wikidata.org/entity/Q126850800,W07000100
Blake STEPHENSON,Mid Bedfordshire,Con,http://www.wikidata.org/entity/Q126850808,E14001359
Greg SMITH,Mid Buckinghamshire,Con,http://www.wikidata.org/entity/Q76736577,E14001360
Andrew COOPER,Mid Cheshire,Lab,http://www.wikidata.org/entity/Q126850822,E14001361
Jonathan DAVIES,Mid Derbyshire,Lab,http://www.wikidata.org/entity/Q126850834,E14001362
Vikki SLADE,Mid Dorset and North Poole,LD,http://www.wikidata.org/entity/Q75838701,E14001363
Susan MURRAY,Mid Dunbartonshire,LD,http://www.wikidata.org/entity/Q75838900,S14000097
Peter BEDFORD,Mid Leicestershire,Con,http://www.wikidata.org/entity/Q126850871,E14001364
George FREEMAN,Mid Norfolk,Con,http://www.wikidata.org/entity/Q390983,E14001365
Alison BENNETT,Mid Sussex,LD,http://www.wikidata.org/entity/Q75962487,E14001366
Cathal MALLAGHAN,Mid Ulster,SF,http://www.wikidata.org/entity/Q126850905,N05000010
Andy MCDONALD,Middlesbrough and Thornaby East,Lab,http://www.wikidata.org/entity/Q4761018,E14001367
Luke MYER,Middlesbrough South and East Cleveland,Lab,http://www.wikidata.org/entity/Q126850856,E14001368
Kirsty MCNEILL,Midlothian,Lab,http://www.wikidata.org/entity/Q126850881,S14000045
Emily DARLINGTON,Milton Keynes Central,Lab,http://www.wikidata.org/entity/Q122764804,E14001369
Chris CURTIS,Milton Keynes North,Lab,http://www.wikidata.org/entity/Q126850916,E14001370
Siobhain MCDONAGH,Mitcham and Morden,Lab,http://www.wikidata.org/entity/Q694759,E14001371
Catherine FOOKES,Monmouthshire,Lab,http://www.wikidata.org/entity/Q126850932,W07000101
Steve WITHERDEN,Montgomeryshire and Glyndŵr,Lab,http://www.wikidata.org/entity/Q126850946,W07000102
Graham LEADBITTER,"Moray West, Nairn and Strathspey",SNP,http://www.wikidata.org/entity/Q126850952,S14000098
Lizzi COLLINGE,Morecambe and Lunesdale,Lab,http://www.wikidata.org/entity/Q76363101,E14001372
Pamela NASH,"Motherwell, Wishaw and Carluke",Lab,http://www.wikidata.org/entity/Q577897,S14000099
Torcuil CRICHTON,Na h-Eileanan an Iar,Lab,http://www.wikidata.org/entity/Q108790241,S14000027
Carolyn HARRIS,Neath and Swansea East,Lab,http://www.wikidata.org/entity/Q19958026,W07000103
Julian LEWIS,New Forest East,Con,http://www.wikidata.org/entity/Q749612,E14001373
Desmond SWAYNE,New Forest West,Con,http://www.wikidata.org/entity/Q327823,E14001374
Robert JENRICK,Newark,Con,http://www.wikidata.org/entity/Q17180679,E14001375
Lee DILLON,Newbury,LD,http://www.wikidata.org/entity/Q75839148,E14001376
Chi ONWURAH,Newcastle upon Tyne Central and West,Lab,http://www.wikidata.org/entity/Q576208,E14001377
Mary GLINDON,Newcastle upon Tyne East and Wallsend,Lab,http://www.wikidata.org/entity/Q391483,E14001378
Catherine MCKINNELL,Newcastle upon Tyne North,Lab,http://www.wikidata.org/entity/Q3411409,E14001379
Adam JOGEE,Newcastle-under-Lyme,Lab,http://www.wikidata.org/entity/Q126851008,E14001380
Jessica MORDEN,Newport East,Lab,http://www.wikidata.org/entity/Q580431,W07000104
Ruth JONES,Newport West and Islwyn,Lab,http://www.wikidata.org/entity/Q62764975,W07000105
Dáire HUGHES,Newry and Armagh,SF,http://www.wikidata.org/entity/Q126851074,N05000011
Martin WRIGLEY,Newton Abbot,LD,http://www.wikidata.org/entity/Q75838927,E14001381
Alan STRICKLAND,Newton Aycliffe and Spennymoor,Lab,http://www.wikidata.org/entity/Q126851104,E14001382
Jon TRICKETT,Normanton and Hemsworth,Lab,http://www.wikidata.org/entity/Q272234,E14001383
Jim ALLISTER,North Antrim,TUV,http://www.wikidata.org/entity/Q3499853,N05000012
Irene CAMPBELL,North Ayrshire and Arran,Lab,http://www.wikidata.org/entity/Q126851145,S14000048
Richard FULLER,North Bedfordshire,Con,http://www.wikidata.org/entity/Q391073,E14001384
Ben MAGUIRE,North Cornwall,LD,http://www.wikidata.org/entity/Q126851166,E14001385
Geoffrey CLIFTON-BROWN,North Cotswolds,Con,http://www.wikidata.org/entity/Q285183,E14001386
Ian ROOME,North Devon,LD,http://www.wikidata.org/entity/Q126851188,E14001387
Simon HOARE,North Dorset,Con,http://www.wikidata.org/entity/Q19958093,E14001388
Alex EASTON,North Down,Ind,http://www.wikidata.org/entity/Q4716944,N05000013
Luke AKEHURST,North Durham,Lab,http://www.wikidata.org/entity/Q98792749,E14001389
Steve BARCLAY,North East Cambridgeshire,Con,http://www.wikidata.org/entity/Q260546,E14001390
Louise JONES,North East Derbyshire,Lab,http://www.wikidata.org/entity/Q126851228,E14001391
Wendy CHAMBERLAIN,North East Fife,LD,http://www.wikidata.org/entity/Q75838898,S14000100
Alex BREWER,North East Hampshire,LD,http://www.wikidata.org/entity/Q126851238,E14001392
Chris HINCHLIFF,North East Hertfordshire,Lab,http://www.wikidata.org/entity/Q126851256,E14001393
Dan NORRIS,North East Somerset and Hanham,Lab,http://www.wikidata.org/entity/Q5214105,E14001394
Ellie CHOWNS,North Herefordshire,Green,http://www.wikidata.org/entity/Q63929188,E14001395
Steffan AQUARONE,North Norfolk,LD,http://www.wikidata.org/entity/Q7606590,E14001396
David SMITH,North Northumberland,Lab,http://www.wikidata.org/entity/Q126855801,E14001397
Helen MORGAN,North Shropshire,LD,http://www.wikidata.org/entity/Q75839196,E14001398
Sadik AL-HASSAN,North Somerset,Lab,http://www.wikidata.org/entity/Q63929234,E14001399
Rachel TAYLOR,North Warwickshire and Bedworth,Lab,http://www.wikidata.org/entity/Q126851301,E14001400
Sam CARLING,North West Cambridgeshire,Lab,http://www.wikidata.org/entity/Q126851306,E14001401
Kemi BADENOCH,North West Essex,Con,http://www.wikidata.org/entity/Q21592171,E14001402
Kit MALTHOUSE,North West Hampshire,Con,http://www.wikidata.org/entity/Q6417459,E14001403
Amanda HACK,North West Leicestershire,Lab,http://www.wikidata.org/entity/Q126851329,E14001404
James WILD,North West Norfolk,Con,http://www.wikidata.org/entity/Q76450761,E14001405
Lucy RIGBY,Northampton North,Lab,http://www.wikidata.org/entity/Q126851127,E14001406
Mike READER,Northampton South,Lab,http://www.wikidata.org/entity/Q126851131,E14001407
Alice MACDONALD,Norwich North,Lab,http://www.wikidata.org/entity/Q125843497,E14001408
Clive LEWIS,Norwich South,Lab,http://www.wikidata.org/entity/Q20127903,E14001409
Nadia WHITTOME,Nottingham East,Lab,http://www.wikidata.org/entity/Q76363111,E14001410
Alex NORRIS,Nottingham North and Kimberley,Lab,http://www.wikidata.org/entity/Q30234243,E14001411
Lilian GREENWOOD,Nottingham South,Lab,http://www.wikidata.org/entity/Q392064,E14001412
Jodie GOSLING,Nuneaton,Lab,http://www.wikidata.org/entity/Q126851385,E14001413
Louie FRENCH,Old Bexley and Sidcup,Con,http://www.wikidata.org/entity/Q76363567,E14001414
Debbie ABRAHAMS,Oldham East and Saddleworth,Lab,http://www.wikidata.org/entity/Q258088,E14001415
Jim MCMAHON,"Oldham West, Chadderton and Royton",Lab,http://www.wikidata.org/entity/Q17306267,E14001416
Alistair CARMICHAEL,Orkney and Shetland,LD,http://www.wikidata.org/entity/Q269124,S14000051
Gareth BACON,Orpington,Con,http://www.wikidata.org/entity/Q5522788,E14001417
Jade BOTTERILL,Ossett and Denby Dale,Lab,http://www.wikidata.org/entity/Q126851421,E14001418
Anneliese DODDS,Oxford East,Lab,http://www.wikidata.org/entity/Q16529268,E14001419
Layla MORAN,Oxford West and Abingdon,LD,http://www.wikidata.org/entity/Q30223601,E14001420
Alison TAYLOR,Paisley and Renfrewshire North,Lab,http://www.wikidata.org/entity/Q76736924,S14000101
Johanna BAXTER,Paisley and Renfrewshire South,Lab,http://www.wikidata.org/entity/Q107279637,S14000102
Miatta FAHNBULLEH,Peckham,Lab,http://www.wikidata.org/entity/Q48699931,E14001421
Jonathan HINDER,Pendle and Clitheroe,Lab,http://www.wikidata.org/entity/Q126851496,E14001422
Marie TIDBALL,Penistone and Stocksbridge,Lab,http://www.wikidata.org/entity/Q98968631,E14001423
Markus CAMPBELL-SAVOURS,Penrith and Solway,Lab,http://www.wikidata.org/entity/Q126851511,E14001424
Pete WISHART,Perth and Kinross-shire,SNP,http://www.wikidata.org/entity/Q261675,S14000103
Andrew PAKES,Peterborough,Lab,http://www.wikidata.org/entity/Q4758196,E14001425
Fred THOMAS,Plymouth Moor View,Lab,http://www.wikidata.org/entity/Q75913575,E14001426
Luke POLLARD,Plymouth Sutton and Devonport,Lab,http://www.wikidata.org/entity/Q30164902,E14001427
Yvette COOPER,"Pontefract, Castleford and Knottingley",Lab,http://www.wikidata.org/entity/Q291057,E14001428
Alex DAVIES-JONES,Pontypridd,Lab,http://www.wikidata.org/entity/Q76364874,W07000106
Neil DUNCAN-JORDAN,Poole,Lab,http://www.wikidata.org/entity/Q126851577,E14001429
Apsana BEGUM,Poplar and Limehouse,Lab,http://www.wikidata.org/entity/Q76363973,E14001430
Amanda MARTIN,Portsmouth North,Lab,http://www.wikidata.org/entity/Q76364288,E14001431
Stephen MORGAN,Portsmouth South,Lab,http://www.wikidata.org/entity/Q30179008,E14001432
Mark HENDRICK,Preston,Lab,http://www.wikidata.org/entity/Q673628,E14001433
Fleur ANDERSON,Putney,Lab,http://www.wikidata.org/entity/Q75410647,E14001434
Georgia GOULD,Queen's Park and Maida Vale,Lab,http://www.wikidata.org/entity/Q30612769,E14001435
John HEALEY,Rawmarsh and Conisbrough,Lab,http://www.wikidata.org/entity/Q615077,E14001436
Mark FRANCOIS,Rayleigh and Wickford,Con,http://www.wikidata.org/entity/Q390869,E14001437
Matt RODDA,Reading Central,Lab,http://www.wikidata.org/entity/Q30164903,E14001438
Olivia BAILEY,Reading West and Mid Berkshire,Lab,http://www.wikidata.org/entity/Q126851658,E14001439
Anna TURLEY,Redcar,Lab,http://www.wikidata.org/entity/Q20648420,E14001440
Chris BLOORE,Redditch,Lab,http://www.wikidata.org/entity/Q126851678,E14001441
Rebecca PAUL,Reigate,Con,http://www.wikidata.org/entity/Q126851687,E14001442
Chris BRYANT,Rhondda and Ogmore,Lab,http://www.wikidata.org/entity/Q266146,W07000107
Maya ELLIS,Ribble Valley,Lab,http://www.wikidata.org/entity/Q126851701,E14001443
Rishi SUNAK,Richmond and Northallerton,Con,http://www.wikidata.org/entity/Q20055561,E14001444
Sarah OLNEY,Richmond Park,LD,http://www.wikidata.org/entity/Q27942399,E14001445
Paul WAUGH,Rochdale,Lab,http://www.wikidata.org/entity/Q126851726,E14001446
Lauren EDWARDS,Rochester and Strood,Lab,http://www.wikidata.org/entity/Q126851732,E14001447
Andrew ROSINDELL,Romford,Con,http://www.wikidata.org/entity/Q480092,E14001448
Caroline NOKES,Romsey and Southampton North,Con,http://www.wikidata.org/entity/Q577227,E14001449
Andy MACNAE,Rossendale and Darwen,Lab,http://www.wikidata.org/entity/Q126851759,E14001450
Jake RICHARDS,Rother Valley,Lab,http://www.wikidata.org/entity/Q126851775,E14001451
Sarah CHAMPION,Rotherham,Lab,http://www.wikidata.org/entity/Q7422176,E14001452
John SLINGER,Rugby,Lab,http://www.wikidata.org/entity/Q126851781,E14001453
David SIMMONDS,"Ruislip, Northwood and Pinner",Con,http://www.wikidata.org/entity/Q76363601,E14001454
Mike AMESBURY,Runcorn and Helsby,Lab,http://www.wikidata.org/entity/Q30223596,E14001455
Ben SPENCER,Runnymede and Weybridge,Con,http://www.wikidata.org/entity/Q76450770,E14001456
James NAISH,Rushcliffe,Lab,http://www.wikidata.org/entity/Q126851887,E14001457
Michael SHANKS,Rutherglen,Lab,http://www.wikidata.org/entity/Q122451364,S14000104
Alicia KEARNS,Rutland and Stamford,Con,http://www.wikidata.org/entity/Q76363294,E14001458
Rebecca LONG-BAILEY,Salford,Lab,http://www.wikidata.org/entity/Q19979355,E14001459
John GLEN,Salisbury,Con,http://www.wikidata.org/entity/Q391465,E14001460
Alison HUME,Scarborough and Whitby,Lab,http://www.wikidata.org/entity/Q20631245,E14001461
Nicholas DAKIN,Scunthorpe,Lab,http://www.wikidata.org/entity/Q291785,E14001462
Bill ESTERSON,Sefton Central,Lab,http://www.wikidata.org/entity/Q303465,E14001463
Keir MATHER,Selby,Lab,http://www.wikidata.org/entity/Q120780806,E14001464
Laura TROTT,Sevenoaks,Con,http://www.wikidata.org/entity/Q76449016,E14001465
Gill FURNISS,Sheffield Brightside and Hillsborough,Lab,http://www.wikidata.org/entity/Q24034408,E14001466
Abtisam MOHAMED,Sheffield Central,Lab,http://www.wikidata.org/entity/Q126851976,E14001467
Olivia BLAKE,Sheffield Hallam,Lab,http://www.wikidata.org/entity/Q76363044,E14001468
Louise HAIGH,Sheffield Heeley,Lab,http://www.wikidata.org/entity/Q19957992,E14001469
Clive BETTS,Sheffield South East,Lab,http://www.wikidata.org/entity/Q263508,E14001470
Michelle WELSH,Sherwood Forest,Lab,http://www.wikidata.org/entity/Q126852017,E14001471
Anna DIXON,Shipley,Lab,http://www.wikidata.org/entity/Q126852021,E14001472
Julia BUCKLEY,Shrewsbury,Lab,http://www.wikidata.org/entity/Q63929155,E14001473
Kevin MCKENNA,Sittingbourne and Sheppey,Lab,http://www.wikidata.org/entity/Q126852043,E14001474
Julian SMITH,Skipton and Ripon,Con,http://www.wikidata.org/entity/Q390794,E14001475
Caroline JOHNSON,Sleaford and North Hykeham,Con,http://www.wikidata.org/entity/Q27979810,E14001476
Tan DHESI,Slough,Lab,http://www.wikidata.org/entity/Q30169287,E14001477
Gurinder JOSAN,Smethwick,Lab,http://www.wikidata.org/entity/Q60218953,E14001478
Neil SHASTRI-HURST,Solihull West and Shirley,Con,http://www.wikidata.org/entity/Q109650530,E14001479
Robin SWANN,South Antrim,UUP,http://www.wikidata.org/entity/Q7352813,N05000014
James MCMURDOCK,South Basildon and East Thurrock,RUK,http://www.wikidata.org/entity/Q126852115,E14001480
Pippa HEYLINGS,South Cambridgeshire,LD,http://www.wikidata.org/entity/Q75839025,E14001481
Roz SAVAGE,South Cotswolds,LD,http://www.wikidata.org/entity/Q7375304,E14001482
Samantha NIBLETT,South Derbyshire,Lab,http://www.wikidata.org/entity/Q126852137,E14001483
Caroline VOADEN,South Devon,LD,http://www.wikidata.org/entity/Q63929166,E14001484
Lloyd HATTON,South Dorset,Lab,http://www.wikidata.org/entity/Q126852156,E14001485
Chris HAZZARD,South Down,SF,http://www.wikidata.org/entity/Q5106839,N05000015
Anna GELDERD,South East Cornwall,Lab,http://www.wikidata.org/entity/Q126852172,E14001486
John HAYES,South Holland and The Deepings,Con,http://www.wikidata.org/entity/Q478686,E14001487
Alberto COSTA,South Leicestershire,Con,http://www.wikidata.org/entity/Q19957124,E14001488
Ben GOLDSBOROUGH,South Norfolk,Lab,http://www.wikidata.org/entity/Q126852231,E14001489
Sarah BOOL,South Northamptonshire,Con,http://www.wikidata.org/entity/Q76364022,E14001490
Paul FOSTER,South Ribble,Lab,http://www.wikidata.org/entity/Q126852263,E14001491
Emma LEWELL-BUCK,South Shields,Lab,http://www.wikidata.org/entity/Q16190712,E14001492
Stuart ANDERSON,South Shropshire,Con,http://www.wikidata.org/entity/Q76363439,E14001493
James CARTLIDGE,South Suffolk,Con,http://www.wikidata.org/entity/Q19956787,E14001494
Rebecca SMITH,South West Devon,Con,http://www.wikidata.org/entity/Q76736903,E14001495
Gagan MOHINDRA,South West Hertfordshire,Con,http://www.wikidata.org/entity/Q76364829,E14001496
Terry JERMY,South West Norfolk,Lab,http://www.wikidata.org/entity/Q126852320,E14001497
Andrew MURRISON,South West Wiltshire,Con,http://www.wikidata.org/entity/Q578234,E14001498
Darren PAFFEY,Southampton Itchen,Lab,http://www.wikidata.org/entity/Q98968376,E14001499
Satvir KAUR,Southampton Test,Lab,http://www.wikidata.org/entity/Q120053130,E14001500
Bayo ALABA,Southend East and Rochford,Lab,http://www.wikidata.org/entity/Q126852177,E14001501
David BURTON-SAMPSON,Southend West and Leigh,Lab,http://www.wikidata.org/entity/Q126852186,E14001502
Bambos CHARALAMBOUS,Southgate and Wood Green,Lab,http://www.wikidata.org/entity/Q30165325,E14001503
Patrick HURLEY,Southport,Lab,http://www.wikidata.org/entity/Q126852258,E14001504
Lincoln JOPP,Spelthorne,Con,http://www.wikidata.org/entity/Q126852330,E14001505
Kim LEADBEATER,Spen Valley,Lab,http://www.wikidata.org/entity/Q107009776,E14001506
Daisy COOPER,St Albans,LD,http://www.wikidata.org/entity/Q75838761,E14001507
Noah LAW,St Austell and Newquay,Lab,http://www.wikidata.org/entity/Q126852378,E14001508
David BAINES,St Helens North,Lab,http://www.wikidata.org/entity/Q126852389,E14001509
Marie RIMMER,St Helens South and Whiston,Lab,http://www.wikidata.org/entity/Q20648527,E14001510
Andrew GEORGE,St Ives,LD,http://www.wikidata.org/entity/Q391275,E14001511
Ian SOLLOM,St Neots and Mid Cambridgeshire,LD,http://www.wikidata.org/entity/Q75839024,E14001512
Leigh INGHAM,Stafford,Lab,http://www.wikidata.org/entity/Q126852345,E14001513
Karen BRADLEY,Staffordshire Moorlands,Con,http://www.wikidata.org/entity/Q264560,E14001514
Jonathan REYNOLDS,Stalybridge and Hyde,Lab,http://www.wikidata.org/entity/Q501926,E14001515
Kevin BONAVIA,Stevenage,Lab,http://www.wikidata.org/entity/Q76364820,E14001516
Chris KANE,Stirling and Strathallan,Lab,http://www.wikidata.org/entity/Q107279610,S14000105
Navendu MISHRA,Stockport,Lab,http://www.wikidata.org/entity/Q75720091,E14001517
Chris MCDONALD,Stockton North,Lab,http://www.wikidata.org/entity/Q22006770,E14001518
Matt VICKERS,Stockton West,Con,http://www.wikidata.org/entity/Q76362976,E14001519
Gareth SNELL,Stoke-on-Trent Central,Lab,http://www.wikidata.org/entity/Q28834849,E14001520
David WILLIAMS,Stoke-on-Trent North,Lab,http://www.wikidata.org/entity/Q126852468,E14001521
Allison GARDNER,Stoke-on-Trent South,Lab,http://www.wikidata.org/entity/Q126852472,E14001522
Gavin WILLIAMSON,"Stone, Great Wyrley and Penkridge",Con,http://www.wikidata.org/entity/Q262409,E14001523
Cat ECCLES,Stourbridge,Lab,http://www.wikidata.org/entity/Q126852488,E14001524
Jim SHANNON,Strangford,DUP,http://www.wikidata.org/entity/Q478702,N05000016
Uma KUMARAN,Stratford and Bow,Lab,http://www.wikidata.org/entity/Q126852519,E14001525
Manuela PERTEGHELLA,Stratford-on-Avon,LD,http://www.wikidata.org/entity/Q112497277,E14001526
Steve REED,Streatham and Croydon North,Lab,http://www.wikidata.org/entity/Q7613711,E14001527
Andrew WESTERN,Stretford and Urmston,Lab,http://www.wikidata.org/entity/Q76450765,E14001528
Simon OPHER,Stroud,Lab,http://www.wikidata.org/entity/Q126852558,E14001529
Jenny RIDDELL-CARPENTER,Suffolk Coastal,Lab,http://www.wikidata.org/entity/Q126852565,E14001530
Lewis ATKINSON,Sunderland Central,Lab,http://www.wikidata.org/entity/Q126852567,E14001531
Al PINKERTON,Surrey Heath,LD,http://www.wikidata.org/entity/Q75839213,E14001532
Nus GHANI,Sussex Weald,Con,http://www.wikidata.org/entity/Q19957887,E14001533
Luke TAYLOR,Sutton and Cheam,LD,http://www.wikidata.org/entity/Q75838757,E14001534
Andrew MITCHELL,Sutton Coldfield,Con,http://www.wikidata.org/entity/Q333261,E14001535
Torsten BELL,Swansea West,Lab,http://www.wikidata.org/entity/Q115152867,W07000108
Will STONE,Swindon North,Lab,http://www.wikidata.org/entity/Q126852621,E14001536
Heidi ALEXANDER,Swindon South,Lab,http://www.wikidata.org/entity/Q259359,E14001537
Sarah EDWARDS,Tamworth,Lab,http://www.wikidata.org/entity/Q123113780,E14001538
Esther MCVEY,Tatton,Con,http://www.wikidata.org/entity/Q584062,E14001539
Gideon AMOS,Taunton and Wellington,LD,http://www.wikidata.org/entity/Q75838996,E14001540
Shaun DAVIES,Telford,Lab,http://www.wikidata.org/entity/Q126852645,E14001541
Cameron THOMAS,Tewkesbury,LD,http://www.wikidata.org/entity/Q126852655,E14001542
Mark PRITCHARD,The Wrekin,Con,http://www.wikidata.org/entity/Q575183,E14001543
Kevin HOLLINRAKE,Thirsk and Malton,Con,http://www.wikidata.org/entity/Q19958100,E14001544
Claire YOUNG,Thornbury and Yate,LD,http://www.wikidata.org/entity/Q76738120,E14001545
Jen CRAFT,Thurrock,Lab,http://www.wikidata.org/entity/Q126852677,E14001546
Antonia BANCE,Tipton and Wednesbury,Lab,http://www.wikidata.org/entity/Q126852687,E14001547
Rachel GILMOUR,Tiverton and Minehead,LD,http://www.wikidata.org/entity/Q126852784,E14001548
Tom TUGENDHAT,Tonbridge,Con,http://www.wikidata.org/entity/Q20648385,E14001549
Rosena ALLIN-KHAN,Tooting,Lab,http://www.wikidata.org/entity/Q24668273,E14001550
Steve DARLING,Torbay,LD,http://www.wikidata.org/entity/Q126852814,E14001551
Nick THOMAS-SYMONDS,Torfaen,Lab,http://www.wikidata.org/entity/Q20648913,W07000109
Geoffrey COX,Torridge and Tavistock,Con,http://www.wikidata.org/entity/Q291303,E14001552
David LAMMY,Tottenham,Lab,http://www.wikidata.org/entity/Q534727,E14001553
Jayne KIRKHAM,Truro and Falmouth,Lab,http://www.wikidata.org/entity/Q63929203,E14001554
Mike MARTIN,Tunbridge Wells,LD,http://www.wikidata.org/entity/Q126852868,E14001555
Munira WILSON,Twickenham,LD,http://www.wikidata.org/entity/Q75838676,E14001556
Alan CAMPBELL,Tynemouth,Lab,http://www.wikidata.org/entity/Q268196,E14001557
Carla LOCKHART,Upper Bann,DUP,http://www.wikidata.org/entity/Q24052782,N05000017
Danny BEALES,Uxbridge and South Ruislip,Lab,http://www.wikidata.org/entity/Q119857194,E14001558
Kanishka NARAYAN,Vale of Glamorgan,Lab,http://www.wikidata.org/entity/Q126852903,W07000110
Florence ESHALOMI,Vauxhall and Camberwell Green,Lab,http://www.wikidata.org/entity/Q24061230,E14001559
Simon LIGHTWOOD,Wakefield and Rothwell,Lab,http://www.wikidata.org/entity/Q112133647,E14001560
Angela EAGLE,Wallasey,Lab,http://www.wikidata.org/entity/Q302763,E14001561
Valerie VAZ,Walsall and Bloxwich,Lab,http://www.wikidata.org/entity/Q266978,E14001562
Stella CREASY,Walthamstow,Lab,http://www.wikidata.org/entity/Q291502,E14001563
Charlotte NICHOLS,Warrington North,Lab,http://www.wikidata.org/entity/Q76364081,E14001564
Sarah HALL,Warrington South,Lab,http://www.wikidata.org/entity/Q126852969,E14001565
Matt WESTERN,Warwick and Leamington,Lab,http://www.wikidata.org/entity/Q30164376,E14001566
Sharon HODGSON,Washington and Gateshead South,Lab,http://www.wikidata.org/entity/Q689041,E14001567
Matt TURMAINE,Watford,Lab,http://www.wikidata.org/entity/Q76364277,E14001568
Adrian RAMSAY,Waveney Valley,Green,http://www.wikidata.org/entity/Q4685308,E14001569
Katie LAM,Weald of Kent,Con,http://www.wikidata.org/entity/Q126853006,E14001570
Gen KITCHEN,Wellingborough and Rushden,Lab,http://www.wikidata.org/entity/Q76363575,E14001571
Tessa MUNT,Wells and Mendip Hills,LD,http://www.wikidata.org/entity/Q578772,E14001572
Andrew LEWIN,Welwyn Hatfield,Lab,http://www.wikidata.org/entity/Q126853025,E14001573
Andrew BOWIE,West Aberdeenshire and Kincardine,Con,http://www.wikidata.org/entity/Q30224657,S14000111
Sarah COOMBES,West Bromwich,Lab,http://www.wikidata.org/entity/Q126853041,E14001574
Edward MORELLO,West Dorset,LD,http://www.wikidata.org/entity/Q75839059,E14001575
Douglas MCALLISTER,West Dunbartonshire,Lab,http://www.wikidata.org/entity/Q107279624,S14000106
James ASSER,West Ham and Beckton,Lab,http://www.wikidata.org/entity/Q126853065,E14001576
Ashley DALTON,West Lancashire,Lab,http://www.wikidata.org/entity/Q76450762,E14001577
Nick TIMOTHY,West Suffolk,Con,http://www.wikidata.org/entity/Q25999600,E14001578
Órfhlaith BEGLEY,West Tyrone,SF,http://www.wikidata.org/entity/Q52587398,N05000018
Harriett BALDWIN,West Worcestershire,Con,http://www.wikidata.org/entity/Q260429,E14001579
Tim FARRON,Westmorland and Lonsdale,LD,http://www.wikidata.org/entity/Q304251,E14001580
Daniel ALDRIDGE,Weston-super-Mare,Lab,http://www.wikidata.org/entity/Q126853098,E14001581
Alec SHELBROOKE,Wetherby and Easingwold,Con,http://www.wikidata.org/entity/Q393751,E14001582
Josh MACALISTER,Whitehaven and Workington,Lab,http://www.wikidata.org/entity/Q126853141,E14001583
Derek TWIGG,Widnes and Halewood,Lab,http://www.wikidata.org/entity/Q272098,E14001584
Lisa NANDY,Wigan,Lab,http://www.wikidata.org/entity/Q578037,E14001585
Paul KOHLER,Wimbledon,LD,http://www.wikidata.org/entity/Q75839085,E14001586
Danny CHAMBERS,Winchester,LD,http://www.wikidata.org/entity/Q75839193,E14001587
Jack RANKIN,Windsor,Con,http://www.wikidata.org/entity/Q76363394,E14001588
Matthew PATRICK,Wirral West,Lab,http://www.wikidata.org/entity/Q126853201,E14001589
Priti PATEL,Witham,Con,http://www.wikidata.org/entity/Q575733,E14001590
Charles MAYNARD,Witney,LD,http://www.wikidata.org/entity/Q126853220,E14001591
Will FORSTER,Woking,LD,http://www.wikidata.org/entity/Q75838851,E14001592
Clive JONES,Wokingham,LD,http://www.wikidata.org/entity/Q126853240,E14001593
Sureena BRACKENRIDGE,Wolverhampton North East,Lab,http://www.wikidata.org/entity/Q126853244,E14001594
Pat MCFADDEN,Wolverhampton South East,Lab,http://www.wikidata.org/entity/Q694676,E14001595
Warinder JUSS,Wolverhampton West,Lab,http://www.wikidata.org/entity/Q126853260,E14001596
Tom COLLINS,Worcester,Lab,http://www.wikidata.org/entity/Q126853272,E14001597
Michael WHEELER,Worsley and Eccles,Lab,http://www.wikidata.org/entity/Q83385347,E14001598
Beccy COOPER,Worthing West,Lab,http://www.wikidata.org/entity/Q76450757,E14001599
Andrew RANGER,Wrexham,Lab,http://www.wikidata.org/entity/Q126853302,W07000111
Emma REYNOLDS,Wycombe,Lab,http://www.wikidata.org/entity/Q501942,E14001600
Mark GARNIER,Wyre Forest,Con,http://www.wikidata.org/entity/Q391222,E14001601
Mike KANE,Wythenshawe and Sale East,Lab,http://www.wikidata.org/entity/Q16190632,E14001602
Adam DANCE,Yeovil,LD,http://www.wikidata.org/entity/Q126853329,E14001603
Llinos MEDI,Ynys Môn,PC,http://www.wikidata.org/entity/Q100741889,W07000112
Rachael MASKELL,York Central,Lab,http://www.wikidata.org/entity/Q20127923,E14001604
Luke CHARTERS,York Outer,Lab,http://www.wikidata.org/entity/Q98968884,E14001605
